{
  "Customer Info Update" : {
    "transaction" : "Customer Info Update",
    "sampleCount" : 4,
    "errorCount" : 0,
    "errorPct" : 0.0,
    "meanResTime" : 2587.75,
    "medianResTime" : 308.0,
    "minResTime" : 302.0,
    "maxResTime" : 9433.0,
    "pct1ResTime" : 9433.0,
    "pct2ResTime" : 9433.0,
    "pct3ResTime" : 9433.0,
    "throughput" : 0.41562759767248547,
    "receivedKBytesPerSec" : 0.16397807564422276,
    "sentKBytesPerSec" : 0.2500259767248545
  },
  "Customer Search" : {
    "transaction" : "Customer Search",
    "sampleCount" : 4,
    "errorCount" : 0,
    "errorPct" : 0.0,
    "meanResTime" : 568.25,
    "medianResTime" : 323.0,
    "minResTime" : 303.0,
    "maxResTime" : 1324.0,
    "pct1ResTime" : 1324.0,
    "pct2ResTime" : 1324.0,
    "pct3ResTime" : 1324.0,
    "throughput" : 0.9086778736937755,
    "receivedKBytesPerSec" : 0.32833087233075875,
    "sentKBytesPerSec" : 0.33809206042707857
  },
  "Total" : {
    "transaction" : "Total",
    "sampleCount" : 16,
    "errorCount" : 0,
    "errorPct" : 0.0,
    "meanResTime" : 1720.0625,
    "medianResTime" : 706.0,
    "minResTime" : 302.0,
    "maxResTime" : 9433.0,
    "pct1ResTime" : 6425.800000000003,
    "pct2ResTime" : 9433.0,
    "pct3ResTime" : 9433.0,
    "throughput" : 1.1557353366079168,
    "receivedKBytesPerSec" : 1.4895329203987286,
    "sentKBytesPerSec" : 0.4706461282866224
  },
  "Login API" : {
    "transaction" : "Login API",
    "sampleCount" : 4,
    "errorCount" : 0,
    "errorPct" : 0.0,
    "meanResTime" : 2930.75,
    "medianResTime" : 2631.0,
    "minResTime" : 1324.0,
    "maxResTime" : 5137.0,
    "pct1ResTime" : 5137.0,
    "pct2ResTime" : 5137.0,
    "pct3ResTime" : 5137.0,
    "throughput" : 0.5771172990910403,
    "receivedKBytesPerSec" : 0.2440349516664262,
    "sentKBytesPerSec" : 0.16513219593132303
  },
  "Customer List" : {
    "transaction" : "Customer List",
    "sampleCount" : 4,
    "errorCount" : 0,
    "errorPct" : 0.0,
    "meanResTime" : 793.5,
    "medianResTime" : 706.0,
    "minResTime" : 317.0,
    "maxResTime" : 1445.0,
    "pct1ResTime" : 1445.0,
    "pct2ResTime" : 1445.0,
    "pct3ResTime" : 1445.0,
    "throughput" : 0.7527286413248024,
    "receivedKBytesPerSec" : 2.9932724877681594,
    "sentKBytesPerSec" : 0.27786272111403837
  }
}